"sku","attribute_set","type","categories","cod_available","cost","description","media_gallery","has_options","image","image_label","label","meta_description","meta_keyword","meta_title","name","news_from_date","news_to_date","price","region","required_options","short_description","small_image","small_image_label","special_from_date","special_price","special_to_date","status","tax_class_id","thumbnail","thumbnail_label","url_key","url_path","visibility","weight","qty","is_in_stock","is_qty_decimal","use_config_min_sale_qty","min_sale_qty","use_config_max_sale_qty","max_sale_qty","re_skus","xre_skus","cs_skus","us_skus","simples_skus","configurable_attributes","super_attribute_pricing","ga_asso_occassions","ga_commission","ga_commission_rate","ga_discounted_price","ga_discount_percentage","ga_estimate_shipping","ga_fragile","ga_int_ship_allowed","ga_last_revision_date","ga_next_revision_date","ga_returnable","ga_shipping_weight","ga_vender","ga_vender_internal","ga_vendor_lead_time","ga_vendor_max_order_qty","ga_vendor_price","ga_volumetric_weight","color","video","acba_gender","acba_brand","acba_style","acfa_brand","acja_base_material","acja_brand","acja_ringsize","acja_type","acja_waist_size","acja_wristsize"
"010S","Jewellery","simple","Accessories;; Accessories/Women;; Accessories/Women/Ornaments;; Accessories/Women/Ornaments/Neck","yes",2500,"A beautiful necklace made from copper metal. The design on it is beautifully etched by skilled craftsmen.",,,"necklace1.jpeg",,,,,,"Copper Necklace",,,2500,"Punjab",,"A fitted copper necklace self designed by skilled craftsmen",,,,,,1,,,,,,4,100,100,1,,,,,,,,,,,,,,"yes",10,2500,0,1,"yes","yes",,,"Yes",200,"Alisha Pvt Ltd","Alisha","no",10,100,2500,200,,"women","Alisha","fitted necklace","Alisha","Copper","Alisha",,"casual",,
"033C1","Jewellery","simple","Accessories;; Accessories/Women;; Accessories/Women/Ornaments;; Accessories/Women/Ornaments/Rings","yes",800,"A beautifully designed copper ring with carved work. Looks elegant on the hand.",,,"ring1.jpeg",,,,,,"Copper Ring",,,800,"Punjab",,"A carved copper ring for women which looks elegant on the hand",,,,,,1,,,,,,0,20,100,1,,,,,,,,,,,,,,"yes",10,800,0,1,"yes","yes",,,"yes",20,"Alisha Pvt Ltd","Alisha","no",10,100,800,20,,"women",,"carved ring","Alisha","Copper","Alisha","medium","casual",,
"033C2","Jewellery","simple","Accessories;; Accessories/Women;; Accessories/Women/Ornaments;; Accessories/Women/Ornaments/Rings","yes",800,"A beautifully designed copper ring with carved work. Looks elegant on the hand.",,,"ring3.jpeg",,,,,,"Copper Ring",,,800,"Punjab",,"A carved copper ring for women which looks elegant on the hand",,,,,,1,,,,,,0,20,100,1,,,,,,,,,,,,,,"yes",10,800,0,1,"yes","yes",,,"yes",20,"Alisha Pvt Ltd","Alisha","no",10,100,800,20,,"women",,"carved ring","Alisha","Copper","Alisha","large","casual",,
"033C","Jewellery","configurable","Accessories;; Accessories/Women;; Accessories/Women/Ornaments;; Accessories/Women/Ornaments/Rings","yes",800,"A beautifully designed copper ring with carved work. Looks elegant on the hand.",,1,"no selection",,,,,,"Copper Ring",,,800,"Punjab",1,"A carved copper ring for women which looks elegant on the hand",,,,,,1,,,,,,4,20,100,1,,,,,,,,,,"033C1,
033C2
","acja_ringsize",,,"yes",10,800,0,1,"yes","yes",,,"yes",20,"Alisha Pvt Ltd","Alisha","no",10,100,800,20,,"women",,"carved ring","Alisha","Copper","Alisha",,"casual",,
"011S","Jewellery","simple","Accessories;; Accessories/Women;; Accessories/Women/Ornaments;; Accessories/Women/Ornaments/Toe Rings","yes",300,"A self designed golden toe ring. It has a stud in the form of a flower which has a stone in the centre.",,,"toering1.jpeg",,,,,,"Golden Toe Ring",,,300,"Punjab",,"A self designed golden toe ring",,,,,,1,,,,,,4,20,100,1,,,,,,,,,,,,,,"yes",10,300,0,1,"yes","yes",,,"yes",20,"Alisha Pvt Ltd","Alisha","no",10,100,300,20,,"women",,"carved","Alisha","metal","Alisha","small","ethnic",,
"012S","Jewellery","simple","Accessories;; Accessories/Women;; Accessories/Women/Ornaments;; Accessories/Women/Ornaments/Ankles","yes",800,"Studded with silver stones, these anklets have a simple yet attractive look. They are 4 fingers broad.",,,"anklets1.jpeg",,,,,,"Anklets",,,800,"Punjab",,"Silver stone stuuded anklets which are 4 fingers broad",,,,,,1,,,,,,4,50,100,1,,,,,,,,,,,,,,"yes",10,800,0,1,"yes","yes",,,"yes",50,"Alisha Pvt Ltd","Alisha","no",10,100,800,50,,"women",,"self design","Alisha","metal","Alisha",,"ethnic",,
