"sku","attribute_set","type","categories","cod_available","cost","description","media_gallery","has_options","image","image_label","label","meta_description","meta_keyword","meta_title","name","news_from_date","news_to_date","price","region","required_options","short_description","small_image","small_image_label","special_from_date","special_price","special_to_date","status","tax_class_id","thumbnail","thumbnail_label","url_key","url_path","visibility","weight","qty","is_in_stock","is_qty_decimal","use_config_min_sale_qty","min_sale_qty","use_config_max_sale_qty","max_sale_qty","re_skus","xre_skus","cs_skus","us_skus","simples_skus","configurable_attributes","super_attribute_pricing","ga_asso_occassions","ga_commission","ga_commission_rate","ga_discounted_price","ga_discount_percentage","ga_estimate_shipping","ga_fragile","ga_int_ship_allowed","ga_last_revision_date","ga_next_revision_date","ga_returnable","ga_shipping_weight","ga_vender","ga_vender_internal","ga_vendor_lead_time","ga_vendor_max_order_qty","ga_volumetric_weight","color","video","apmbss_kurta_pyjama_set_type","apmbss_size","apmbss_suit_types","apwu_decorative_accents","apwu_fabric"
"001C1","Apparels_M_Sets","simple","Apparels;; Apparels/Mens;; Apparels/Mens/Combination;; Apparels/Mens/Combination/Sherwani","Yes",2000,"A sherwani set form men. It is red in colour. It has full sleeves. It is made from cotton and has design embellished on it.",,,"no selection",,,,,,"Sherwani Set",,,2000,"Mumbai",,"A red Sherwani set for men","no selection",,,,,1,,,,,,0,300,100,1,,,,,,,,,,,,,,"yes",10,2000,0,1,"no","yes",,,"yes",300,"Rajyog Pvt Ltd","Rajyog",10,100,300,,,"Sherwani",38,,"embellished","cotton silk"
"001C2","Apparels_M_Sets","simple","Apparels;; Apparels/Mens;; Apparels/Mens/Combination;; Apparels/Mens/Combination/Sherwani","Yes",2000,"A sherwani set form men. It is red in colour. It has full sleeves. It is made from cotton and has design embellished on it.",,,"sherwani1.jpeg",,,,,,"Sherwani Set",,,2000,"Mumbai",,"A red Sherwani set for men","sherwani2.jpeg",,,,,1,,,,,,0,300,100,1,,,,,,,,,,,,,,"yes",10,2000,0,1,"no","yes",,,"yes",300,"Rajyog Pvt Ltd","Rajyog",10,100,300,,,"Sherwani",40,,"embellished","cotton silk"
"001C","Apparels_M_Sets","configurable","Apparels;; Apparels/Mens;; Apparels/Mens/Combination;; Apparels/Mens/Combination/Sherwani","Yes",2000,"A sherwani set form men. It is red in colour. It has full sleeves. It is made from cotton and has design embellished on it.",,1,"sherwani3.jpeg",,,,,,"Sherwani Set",,,2000,"Mumbai",1,"A red Sherwani set for men","sherwani4.jpeg",,,,,1,,,,,,4,300,100,1,,,,,,,,,,"001C1,001C2","apmbss_size",,,"yes",10,2000,0,1,"no","yes",,,"yes",300,"Rajyog Pvt Ltd","Rajyog",10,100,300,,,"Sherwani",,,"embellished","cotton silk"
"002C1","Apparels_M_Sets","simple","Apparels;; Apparels/Mens;; Apparels/Mens/Combination;; Apparels/Mens/Combination/Traditional Suits","yes",3000,"A pathani suit for men. It comes with full sleeves. It is made from cotton silk.",,,"no selection",,,,,,"Pathani Suit",,,3000,"Mumbai",,"A traditional Pathani cotton silk suit with full sleeves.","no selection",,,,,1,,,,,,0,300,100,1,,,,,,,,,,,,,,"yes",10,3000,0,1,"no","yes",,,"yes",300,"Rajyog Pvt Ltd","Rajyog",10,100,300,,,"Traditional Suits",38,"Pathani suit","plain","cotton silk"
"002C2","Apparels_M_Sets","simple","Apparels;; Apparels/Mens;; Apparels/Mens/Combination;; Apparels/Mens/Combination/Traditional Suits","yes",3000,"A maroon pathani suit for men. It comes with full sleeves. It is made from cotton silk.",,,"traditionalsuit1.jpeg",,,,,,"Pathani Suit",,,3000,"Mumbai",,"A black traditional Pathani cotton silk suit with full sleeves.","traditionalsuit2.jpeg",,,,,1,,,,,,0,300,100,1,,,,,,,,,,,,,,"yes",10,3000,0,1,"no","yes",,,"yes",300,"Rajyog Pvt Ltd","Rajyog",10,100,300,,,"Traditional Suits",38,"Pathani suit","plain","cotton silk"
"002C","Apparels_M_Sets","configurable","Apparels;; Apparels/Mens;; Apparels/Mens/Combination;; Apparels/Mens/Combination/Traditional Suits","yes",3000,"A silver pathani suit for men. It comes with full sleeves. It is made from cotton silk.",,1,"traditionalsuit3.jpeg",,,,,,"Pathani Suit",,,3000,"Mumbai",1,"A silver traditional Pathani cotton silk suit with full sleeves.","traditionalsuit4.jpeg",,,,,1,,,,,,4,300,100,1,,,,,,,,,,"002C1,002C2","apmbss_size",,,"yes",10,3000,0,1,"no","yes",,,"yes",300,"Rajyog Pvt Ltd","Rajyog",10,100,300,,,"Traditional Suits",,,"plain","cotton silk"
"003C1","Apparels_M_Sets","simple","Apparels;; Apparels/Mens;; Apparels/Mens/Combination;; Apparels/Mens/Combination/Kurta-pyjama;; Apparels/Mens/Combination/Kurta-pyjama/Stiched","yes",1200,"A set of plain black kurta and pyjama for men. The kurta has full sleeves. It is made from cotton silk material giving it a rich look.",,,"no selection",,,,,,"Kurta Pyjama Set",,,1200,"Mumbai",,"A black cotton silk kurta pyjama set","no selection",,,,,1,,,,,,0,200,100,1,,,,,,,,,,,,,,"yes",10,1200,0,1,"no","yes",,,"yes",200,"Rajyog Pvt Ltd","Rajyog",10,100,200,,,"Kurta Pyjama",38,,"plain","cotton silk"
"003C2","Apparels_M_Sets","simple","Apparels;; Apparels/Mens;; Apparels/Mens/Combination;; Apparels/Mens/Combination/Kurta-pyjama;; Apparels/Mens/Combination/Kurta-pyjama/Stiched","yes",1200,"A set of plain black kurta and pyjama for men. The kurta has full sleeves. It is made from cotton silk material giving it a rich look.",,,"kurtapyjama1.jpeg",,,,,,"Kurta Pyjama Set",,,1200,"Mumbai",,"A black cotton silk kurta pyjama set","kurtapyjama2.jpeg",,,,,1,,,,,,0,200,100,1,,,,,,,,,,,,,,"yes",10,1200,0,1,"no","yes",,,"yes",200,"Rajyog Pvt Ltd","Rajyog",10,100,200,,,"Kurta Pyjama",40,,"plain","cotton silk"
"003C","Apparels_M_Sets","configurable","Apparels;; Apparels/Mens;; Apparels/Mens/Combination;; Apparels/Mens/Combination/Kurta-pyjama;; Apparels/Mens/Combination/Kurta-pyjama/Stiched","yes",1200,"A set of plain black kurta and pyjama for men. The kurta has full sleeves. It is made from cotton silk material giving it a rich look.",,1,"kurtapyjama3.jpeg",,,,,,"Kurta Pyjama Set",,,1200,"Mumbai",1,"A black cotton silk kurta pyjama set","kurtapyjama4.jpeg",,,,,1,,,,,,4,200,100,1,,,,,,,,,,"003C1,003c2","apmbss_size",,,"yes",10,1200,0,1,"no","yes",,,"yes",200,"Rajyog Pvt Ltd","Rajyog",10,100,200,,,"Kurta Pyjama",,,"plain","cotton silk"
"004C1","Apparels_M_Sets","simple","Apparels;; Apparels/Mens;; Apparels/Mens/Combination;; Apparels/Mens/Combination/Kurta-pyjama;; Apparels/Mens/Combination/Kurta-pyjama/Material","yes",70,"Cotton silk material for men's kurta pyjama.",,,"no selection",,,,,,"Kurta Pyjama Material",,,70,"Mumbai",,"Men's Kurta Pyjama Material","no selection",,,,,1,,,,,,0,200,100,1,1,0,2.5,0,10,,,,,,,,,"yes",10,70,0,1,"no","yes",,,"yes",200,"Rajyog Pvt Ltd","Rajyog",10,100,200,,,"Kurta Pyjama Material",,,"plain","cotton silk"
"004C2","Apparels_M_Sets","simple","Apparels;; Apparels/Mens;; Apparels/Mens/Combination;; Apparels/Mens/Combination/Kurta-pyjama;; Apparels/Mens/Combination/Kurta-pyjama/Material","yes",70,"Cotton silk material for men's kurta pyjama. It is plain black in colour.",,,"kurtapyjamamaterial1.jpeg",,,,,,"Kurta Pyjama Material",,,70,"Mumbai",,"Men's Kurta Pyjama Material","kurtapyjamamaterial2.jpeg",,,,,1,,,,,,0,200,100,1,1,0,2.5,0,10,,,,,,,,,"yes",10,70,0,1,"no","yes",,,"yes",200,"Rajyog Pvt Ltd","Rajyog",10,100,200,,,"Kurta Pyjama Material",,,"plain","cotton silk"
"004C","Apparels_M_Sets","configurable","Apparels;; Apparels/Mens;; Apparels/Mens/Combination;; Apparels/Mens/Combination/Kurta-pyjama;; Apparels/Mens/Combination/Kurta-pyjama/Material","yes",70,"Cotton silk material for men's kurta pyjama. It is plain brown in colour.",,1,"kurtapyjamamaterial3.jpeg",,,,,,"Kurta Pyjama Material",,,70,"Mumbai",1,"Men's Kurta Pyjama Material","kurtapyjamamaterial4.jpeg",,,,,1,,,,,,4,200,100,1,1,0,2.5,0,10,,,,,"004C1,004c2","apmbss_size",,,"yes",10,70,0,1,"no","yes",,,"yes",200,"Rajyog Pvt Ltd","Rajyog",10,100,200,,,"Kurta Pyjama Material",,,"plain","cotton silk"
"005C1","Apparels_M_Sets","simple","Apparels;; Apparels/Mens;; Apparels/Mens/Combination;; Apparels/Mens/Combination/Kurta-pyjama;; Apparels/Mens/Combination/Dhoti Kurta","yes",1200,"Pure cotton set of dhoti and kurta. The kurta is shorter than knee length. It has 3/4 sleeves. The dhoti is white with a coloured border.",,,"no selection",,,,,,"Dhoti Kurta Set",,,1200,"Mumbai",,"Men's pure cotton dhoti kurta with 3/4 sleeves","no selection",,,,,1,,,,,,0,200,100,1,,,,,,,,,,,,,,"yes",10,1200,0,1,"no","yes",,,"yes",200,"Gopal Pvt Ltd","Gopal",10,100,200,,,"Dhoti Kurta",38,,"plain","cotton"
"005C2","Apparels_M_Sets","simple","Apparels;; Apparels/Mens;; Apparels/Mens/Combination;; Apparels/Mens/Combination/Kurta-pyjama;; Apparels/Mens/Combination/Dhoti Kurta","yes",1200,"Pure cotton set of orange dhoti and kurta. The kurta is shorter than knee length. It has 3/4 sleeves. The dhoti is white with an orange coloured border.",,,"dhotikurta1.jpeg",,,,,,"Dhoti Kurta Set",,,1200,"Mumbai",,"Men's pure cotton orange dhoti kurta with 3/4 sleeves","dhotikurta2.jpeg",,,,,1,,,,,,0,200,100,1,,,,,,,,,,,,,,"yes",10,1200,0,1,"no","yes",,,"yes",200,"Gopal Pvt Ltd","Gopal",10,100,200,,,"Dhoti Kurta",38,,"plain","cotton"
"005C","Apparels_M_Sets","configurable","Apparels;; Apparels/Mens;; Apparels/Mens/Combination;; Apparels/Mens/Combination/Kurta-pyjama;; Apparels/Mens/Combination/Dhoti Kurta","yes",1200,"Pure cotton set of red dhoti and kurta. The kurta is shorter than knee length. It has 3/4 sleeves. The dhoti is white with a red coloured border.",,1,"dhotikurta3.jpeg",,,,,,"Dhoti Kurta Set",,,1200,"Mumbai",1,"Men's pure cotton red dhoti kurta with 3/4 sleeves","dhotikurta4.jpeg",,,,,1,,,,,,4,200,100,1,,,,,,,,,,"005C1,005c2","apmbss_size",,,"yes",10,1200,0,1,"no","yes",,,"yes",200,"Gopal Pvt Ltd","Gopal",10,100,200,,,"Dhoti Kurta",,,"plain","cotton"
