"sku","attribute_set","type","categories","cod_available","cost","description","media_gallery","has_options","image","image_label","label","meta_description","meta_keyword","meta_title","name","news_from_date","news_to_date","price","region","required_options","short_description","small_image","small_image_label","special_from_date","special_price","special_to_date","status","tax_class_id","thumbnail","thumbnail_label","url_key","url_path","visibility","weight","qty","is_in_stock","is_qty_decimal","use_config_min_sale_qty","min_sale_qty","use_config_max_sale_qty","max_sale_qty","re_skus","xre_skus","cs_skus","us_skus","simples_skus","configurable_attributes","super_attribute_pricing","ga_asso_occassions","ga_commission","ga_commission_rate","ga_discounted_price","ga_discount_percentage","ga_estimate_shipping","ga_fragile","ga_int_ship_allowed","ga_last_revision_date","ga_next_revision_date","ga_returnable","ga_shipping_weight","ga_vender","ga_vender_internal","ga_vendor_lead_time","ga_vendor_max_order_qty","ga_vendor_price","ga_volumetric_weight","color","video","hdf_material","hdf_pattern"
"007C1","Decor_Floor_AS","simple","Home;; Home/Decor;; Home/Decor/Floor;; Home/Decor/Floor/Carpets","yes",1100,"A beautiful brown carpet made in Kashmir. It has embroidary work on it which is done by the skilled craftsmen of Kashmir. The entire carpet id filled with embroidary on it.",,,"carpet1.jpeg",,,,,,"Kashmiri Carpet",,,1100,"Kashmir",,"A brown hand embroidered Kashmiri carpet made from wool","carpet2.jpeg",,,,,1,,,,,,0,500,100,1,,,,,,,,,,,,,,"yes",10,1100,0,1,"no","yes",,,"yes",500,"Rose Pvt Ltd","Khalid Wani","no",10,100,1100,500,,"wool","embroidary"
"007C2","Decor_Floor_AS","simple","Home;; Home/Decor;; Home/Decor/Floor;; Home/Decor/Floor/Carpets","yes",1100,"A beautiful grey carpet made in Kashmir. It has embroidary work on it which is done by the skilled craftsmen of Kashmir. The entire carpet id filled with embroidary on it.",,,"carpet3.jpeg",,,,,,"Kashmiri Carpet",,,1100,"Kashmir",,"A grey hand embroidered Kashmiri carpet made from wool","carpet4.jpeg",,,,,1,,,,,,0,500,100,1,,,,,,,,,,,,,,"yes",10,1100,0,1,"no","yes",,,"yes",500,"Rose Pvt Ltd","Khalid Wani","no",10,100,1100,500,,"wool","embroidary"
"007C","Decor_Floor_AS","configurable","Home;; Home/Decor;; Home/Decor/Floor;; Home/Decor/Floor/Carpets","yes",1100,"A beautiful carpet made in Kashmir. It has embroidary work on it which is done by the skilled craftsmen of Kashmir. The entire carpet id filled with embroidary on it.",,1,"no selection",,,,,,"Kashmiri Carpet",,,1100,"Kashmir",1,"A hand embroidered Kashmiri carpet made from wool","no selection",,,,,1,,,,,,4,500,100,1,,,,,,,,,,"007C1,
007C2","color",,,"yes",10,1100,0,1,"no","yes",,,"yes",500,"Rose Pvt Ltd","Khalid Wani","no",10,100,1100,500,,"wool","embroidary"
"008C1","Decor_Floor_AS","simple","Home;; Home/Decor;; Home/Decor/Floor;; Home/Decor/Floor/Mats","yes",200,"A plain blue mat which is smooth in texture. It is made fro synthetic material.",,,"mat1.jpeg",,,,,,"Kashmiri Mat",,,200,"Kashmir",,"A plain blue Kashmiri mat in bright colour","mat2.jpeg",,,,,1,,,,,,0,30,100,1,,,,,,,,,,,,,,"yes",10,200,0,1,"no","yes",,,"yes",30,"Rose Pvt Ltd","Khalid Wani","no",10,100,200,30,,"synthetic","plain"
"008C2","Decor_Floor_AS","simple","Home;; Home/Decor;; Home/Decor/Floor;; Home/Decor/Floor/Mats","yes",200,"A plain green mat which is smooth in texture. It is made fro synthetic material.",,,"mat3.jpeg",,,,,,"Kashmiri Mat",,,200,"Kashmir",,"A plain green Kashmiri mat in bright colour","mat4.jpeg",,,,,1,,,,,,0,30,100,1,,,,,,,,,,,,,,"yes",10,200,0,1,"no","yes",,,"yes",30,"Rose Pvt Ltd","Khalid Wani","no",10,100,200,30,,"synthetic","plain"
"008C","Decor_Floor_AS","configurable","Home;; Home/Decor;; Home/Decor/Floor;; Home/Decor/Floor/Mats","yes",200,"A plain mat which is smooth in texture. It is made fro synthetic material.",,1,"no selection",,,,,,"Kashmiri Mat",,,200,"Kashmir",1,"A plain Kashmiri mat in bright colour","no selection",,,,,1,,,,,,4,30,100,1,,,,,,,,,,"008C1,
008C2","color",,,"yes",10,200,0,1,"no","yes",,,"yes",30,"Rose Pvt Ltd","Khalid Wani","no",10,100,200,30,,"synthetic","plain"
"009C1","Decor_Floor_AS","simple","Home;; Home/Decor;; Home/Decor/Floor;; Home/Decor/Floor/Others","yes",50,"Readymade red rangoli stickers to add design to your home floor. They are traditional Indian designs which Indian women draw on their home floors.",,,"rangoli1.jpeg",,,,,,"Rangoli",,,50,"Gujarat",,"Self designed rangoli stickers to decorate your home floor","rangoli2.jpeg",,,,,1,,,,,,0,20,100,1,,,,,,,,,,,,,,"yes",10,50,0,1,"no","yes",,,"yes",20,"Ruchi Pvt Ltd","Ruchi","no",10,100,50,20,,"paper & plastic","Self design"
"009C2","Decor_Floor_AS","simple","Home;; Home/Decor;; Home/Decor/Floor;; Home/Decor/Floor/Others","yes",50,"Readymade yellow rangoli stickers to add design to your home floor. They are traditional Indian designs which Indian women draw on their home floors.",,,"rangoli3.jpeg",,,,,,"Rangoli",,,50,"Gujarat",,"Self designed rangoli stickers to decorate your home floor","rangoli4.jpeg",,,,,1,,,,,,0,20,100,1,,,,,,,,,,,,,,"yes",10,50,0,1,"no","yes",,,"yes",20,"Ruchi Pvt Ltd","Ruchi","no",10,100,50,20,,"paper & plastic","Self design"
"009C","Decor_Floor_AS","configurable","Home;; Home/Decor;; Home/Decor/Floor;; Home/Decor/Floor/Others","yes",50,"Readymade rangoli stickers to add design to your home floor. They are traditional Indian designs which Indian women draw on their home floors.",,1,"no selection",,,,,,"Rangoli",,,50,"Gujarat",1,"Self designed rangoli stickers to decorate your home floor","no selection",,,,,1,,,,,,4,20,100,1,,,,,,,,,,"009C1,
009C2","color",,,"yes",10,50,0,1,"no","yes",,,"yes",20,"Ruchi Pvt Ltd","Ruchi","no",10,100,50,20,,"paper & plastic","Self design"
